Order_ID,Order_Date,Customer_ID,Product_Category,Sales,Quantity,Profit,Discount
O0001,2024-01-17,C081,Furniture,388.48,2,27.28,0.2
O0002,2024-10-03,C031,Technology,1464.54,10,286.5,0.2
O0003,2024-07-27,C061,Technology,1290.69,2,247.67,0
O0004,2024-08-27,C085,Office Supplies,2212.15,1,391.71,0
O0005,2024-02-25,C008,Technology,2072.84,4,314.64,0.05
O0006,2024-05-22,C069,Furniture,2298.21,4,405.78,0
O0007,2024-02-20,C057,Technology,4059.31,9,1245.36,0
O0008,2024-03-26,C012,Furniture,4639.2,8,1413.14,0.15
O0009,2024-03-25,C028,Furniture,4336.79,1,1390.95,0.15
O0010,2024-05-26,C034,Furniture,4639.94,9,1324.88,0.15
O0011,2024-01-30,C020,Office Supplies,1030.5,9,118.83,0
O0012,2024-09-01,C096,Office Supplies,1636.66,9,106.45,0.05
O0013,2024-04-05,C008,Technology,4807.82,10,355.94,0
O0014,2024-10-18,C087,Technology,4322.91,10,739.79,0.2
O0015,2024-10-25,C006,Office Supplies,3134.97,9,551.03,0.1
O0016,2024-05-02,C034,Furniture,1100.87,7,291.57,0.05
O0017,2024-02-07,C086,Technology,3262.95,8,610.72,0.2
O0018,2024-04-19,C073,Office Supplies,4980.87,5,358.51,0.05
O0019,2024-07-08,C045,Furniture,4416.23,3,1385.73,0.15
O0020,2024-11-30,C070,Office Supplies,3547.35,1,828.32,0.2
O0021,2024-03-09,C039,Furniture,4665.6,2,378.27,0
O0022,2024-11-05,C096,Technology,2810.8,6,370.19,0.05
O0023,2024-09-07,C088,Furniture,3207.77,1,414.43,0
O0024,2024-01-02,C082,Furniture,2175.52,3,289.35,0.1
O0025,2024-08-06,C021,Office Supplies,3732.03,1,804.27,0
O0026,2024-03-17,C010,Office Supplies,4730.75,1,1217.25,0.1
O0027,2024-01-22,C075,Furniture,2807.37,6,502.34,0
O0028,2024-02-22,C046,Furniture,1129.38,9,141.01,0.15
O0029,2024-05-01,C080,Technology,3772.44,3,1236.34,0.15
O0030,2024-07-29,C004,Office Supplies,978.87,4,320.43,0.1
O0031,2024-01-20,C021,Furniture,3958.14,4,326.26,0.05
O0032,2024-04-26,C059,Technology,1813.33,1,537.04,0.05
O0033,2024-05-22,C052,Furniture,1708.48,9,528.44,0.15
O0034,2024-01-15,C087,Technology,4907.63,5,1034.85,0.05
O0035,2024-02-25,C075,Office Supplies,4816.42,7,624.4,0.1
O0036,2024-09-18,C094,Technology,3953.5,7,715.26,0.2
O0037,2024-01-01,C025,Office Supplies,1348.14,9,354.07,0.05
O0038,2024-06-18,C047,Office Supplies,2213.36,6,740.73,0
O0039,2024-12-07,C093,Furniture,4510.23,6,911.68,0.15
O0040,2024-08-03,C090,Office Supplies,1548.71,7,136.58,0.05
O0041,2024-01-01,C079,Furniture,2888.62,5,496.33,0.05
O0042,2024-06-13,C056,Furniture,3950.22,8,916.45,0.15
O0043,2024-03-27,C087,Office Supplies,1147.14,2,220.2,0.1
O0044,2024-02-17,C066,Technology,3352.88,5,790.54,0.05
O0045,2024-08-31,C026,Office Supplies,822.03,2,52.5,0.15
O0046,2024-12-22,C054,Furniture,4442.07,8,989.25,0.15
O0047,2024-02-24,C032,Furniture,823.1,4,210.95,0.05
O0048,2024-05-07,C090,Technology,2637.99,8,171.64,0.05
O0049,2024-10-31,C060,Furniture,3371.13,8,1167.65,0.2
O0050,2024-10-07,C093,Furniture,4470.9,3,795.92,0.15
O0051,2024-11-22,C058,Furniture,1370.04,9,170.12,0.15
O0052,2024-05-26,C081,Technology,1272.3,5,231.51,0.1
O0053,2024-03-18,C041,Technology,4475.83,7,331.99,0.05
O0054,2024-06-18,C091,Office Supplies,1148.37,8,200.35,0.15
O0055,2024-10-26,C008,Office Supplies,1113.49,1,196.02,0.2
O0056,2024-06-01,C049,Furniture,2437.2,7,811.15,0.2
O0057,2024-04-22,C096,Furniture,3699.71,4,1072.77,0.1
O0058,2024-12-08,C056,Office Supplies,2479.65,7,413.25,0.05
O0059,2024-09-30,C060,Technology,4605.75,7,1585.38,0.2
O0060,2024-08-07,C073,Technology,3348.7,8,251.77,0.05
O0061,2024-08-20,C007,Furniture,1374.77,6,203.75,0.15
O0062,2024-05-09,C036,Technology,3784.85,8,1133.86,0
O0063,2024-06-28,C096,Technology,2743.15,2,960.03,0
O0064,2024-01-11,C097,Office Supplies,252.05,3,31.3,0.05
O0065,2024-04-21,C017,Furniture,2420.45,5,204.08,0.1
O0066,2024-02-28,C022,Technology,3068.87,5,1040.72,0
O0067,2024-12-12,C075,Furniture,225.82,7,32.42,0.05
O0068,2024-05-04,C010,Technology,3001.28,5,897.9,0.2
O0069,2024-01-22,C016,Furniture,4001.51,9,879.45,0.15
O0070,2024-06-23,C085,Technology,1915.8,7,386.59,0.15
O0071,2024-08-23,C014,Office Supplies,2224.26,3,352.89,0.15
O0072,2024-05-18,C023,Office Supplies,3695.6,9,1255.18,0.15
O0073,2024-05-17,C060,Furniture,2234.32,4,601.72,0
O0074,2024-08-25,C036,Office Supplies,4419.99,10,544.36,0.15
O0075,2024-04-03,C044,Furniture,240.63,4,73.46,0.1
O0076,2024-12-25,C034,Furniture,1767.66,9,555.21,0
O0077,2024-07-27,C067,Furniture,4745.51,9,359.16,0.05
O0078,2024-08-17,C089,Technology,2432.86,2,641.19,0.1
O0079,2024-12-05,C029,Office Supplies,2081.57,6,256.02,0.15
O0080,2024-10-08,C071,Furniture,2701.52,6,479.93,0.15
O0081,2024-04-08,C035,Furniture,1602.45,2,190.95,0.2
O0082,2024-09-04,C098,Furniture,3481.8,10,374.16,0.2
O0083,2024-04-09,C077,Furniture,1486.69,4,119.17,0.1
O0084,2024-03-05,C023,Furniture,1581.11,1,414.89,0
O0085,2024-11-22,C071,Furniture,1531.47,2,510.33,0
O0086,2024-06-23,C074,Technology,1493.26,1,289.12,0.1
O0087,2024-09-08,C062,Technology,659.03,10,45.87,0
O0088,2024-06-04,C020,Technology,831.07,4,181.88,0
O0089,2024-11-12,C072,Technology,3845.77,9,891.82,0.15
O0090,2024-10-28,C058,Furniture,4551.67,5,633.62,0.2
O0091,2024-02-20,C080,Technology,395.13,4,133.57,0.1
O0092,2024-10-09,C085,Technology,497.82,3,60.71,0
O0093,2024-05-29,C053,Technology,2307.47,4,526.43,0.1
O0094,2024-02-06,C091,Office Supplies,1485.32,4,457.3,0.1
O0095,2024-04-11,C081,Furniture,2989.97,2,870.59,0.2
O0096,2024-03-13,C029,Technology,3273.41,1,1055.75,0.05
O0097,2024-05-27,C040,Furniture,3015.72,2,896.49,0.15
O0098,2024-05-19,C089,Office Supplies,1590.05,9,271.51,0.15
O0099,2024-08-09,C057,Office Supplies,494.17,6,30.62,0.2
O0100,2024-12-11,C033,Office Supplies,226.74,10,26.91,0
O0101,2024-01-21,C098,Technology,3394.18,8,444.14,0.2
O0102,2024-10-26,C084,Furniture,2266.92,8,302.51,0
O0103,2024-12-09,C061,Technology,1805.01,3,270.74,0.1
O0104,2024-07-24,C053,Office Supplies,3499,1,477.49,0.15
O0105,2024-07-25,C012,Office Supplies,1641.13,1,241.22,0.2
O0106,2024-07-04,C060,Office Supplies,2124.91,8,225.82,0.15
O0107,2024-03-08,C098,Furniture,352.9,8,45.92,0.15
O0108,2024-05-02,C016,Office Supplies,241.46,3,57.71,0.1
O0109,2024-04-25,C071,Technology,167,8,28.79,0
O0110,2024-05-29,C083,Office Supplies,4177.5,5,833.46,0.15
O0111,2024-10-09,C062,Technology,4903.2,7,603.68,0.05
O0112,2024-02-05,C077,Furniture,2590.38,7,812.86,0.1
O0113,2024-06-01,C065,Office Supplies,1409.15,10,71.54,0.15
O0114,2024-06-19,C020,Office Supplies,2288.08,9,446.87,0.15
O0115,2024-12-23,C059,Technology,4670.98,10,1452.12,0.15
O0116,2024-06-11,C030,Office Supplies,4294.46,8,743.94,0.15
O0117,2024-11-29,C050,Technology,4943.23,8,1422.26,0
O0118,2024-02-21,C017,Furniture,2561.23,2,581.54,0.2
O0119,2024-12-01,C059,Technology,175.2,2,16.34,0.15
O0120,2024-11-28,C034,Technology,1758.95,6,453.48,0.2
O0121,2024-09-06,C049,Office Supplies,4775.28,1,1136.71,0.2
O0122,2024-05-27,C009,Technology,1250.37,2,319.24,0.15
O0123,2024-02-21,C013,Furniture,3825.81,3,999.18,0.1
O0124,2024-05-30,C004,Furniture,325.36,6,93.98,0.15
O0125,2024-12-15,C019,Technology,1296.57,3,225.1,0.05
O0126,2024-12-15,C011,Technology,3086.51,8,508.54,0.2
O0127,2024-08-23,C019,Furniture,1237.72,1,298.75,0.15
O0128,2024-08-14,C037,Furniture,3420.29,10,333.11,0.1
O0129,2024-08-21,C082,Furniture,4813.94,4,1237.64,0.15
O0130,2024-07-02,C062,Office Supplies,622.6,5,102.36,0.1
O0131,2024-05-20,C003,Technology,4891.93,10,1210.6,0
O0132,2024-05-26,C078,Technology,3751.34,10,1124.85,0.1
O0133,2024-12-13,C029,Office Supplies,3219.43,3,760.65,0
O0134,2024-08-13,C081,Technology,3267.07,10,466.15,0.1
O0135,2024-06-16,C094,Office Supplies,743.92,7,240.2,0.05
O0136,2024-07-06,C026,Office Supplies,747.58,9,158.35,0.1
O0137,2024-09-03,C022,Furniture,1359.15,6,404.22,0
O0138,2024-04-25,C060,Office Supplies,4818.18,7,444.37,0.2
O0139,2024-05-15,C047,Office Supplies,542.48,2,91.34,0.15
O0140,2024-10-26,C048,Furniture,3396.86,6,855,0
O0141,2024-10-14,C087,Furniture,1245.73,10,71.64,0.05
O0142,2024-12-24,C083,Furniture,409.76,7,121.76,0
O0143,2024-09-09,C018,Technology,322.2,2,19.71,0.05
O0144,2024-12-09,C069,Office Supplies,764.75,9,142.31,0.15
O0145,2024-07-31,C076,Office Supplies,3737.12,2,360.1,0.15
O0146,2024-01-17,C079,Office Supplies,2099.77,6,704.38,0.05
O0147,2024-07-04,C057,Technology,2279.01,6,275.38,0.2
O0148,2024-04-07,C083,Technology,1857.5,8,314.74,0
O0149,2024-01-11,C085,Technology,1139.32,6,275.54,0.05
O0150,2024-10-10,C017,Technology,3956.19,10,441.36,0.05
O0151,2024-11-01,C030,Technology,1709.94,5,161.19,0.05
O0152,2024-02-26,C017,Office Supplies,2747.06,1,795.42,0.05
O0153,2024-10-28,C002,Furniture,1855.39,1,531.62,0.05
O0154,2024-09-26,C034,Technology,356.76,2,97.22,0.15
O0155,2024-02-25,C058,Furniture,3912.28,9,797.99,0.05
O0156,2024-12-03,C079,Office Supplies,312.49,5,89.05,0.15
O0157,2024-09-02,C083,Furniture,4823.73,7,329.21,0
O0158,2024-02-11,C063,Furniture,3590.77,10,657.36,0.05
O0159,2024-10-26,C009,Office Supplies,718.34,6,170.46,0.15
O0160,2024-11-05,C077,Furniture,2699.73,2,502.46,0
O0161,2024-04-20,C084,Furniture,3289.49,8,923.32,0.05
O0162,2024-07-31,C053,Office Supplies,1760.76,2,327.59,0.1
O0163,2024-03-19,C055,Office Supplies,1631.37,8,206.31,0
O0164,2024-02-19,C012,Office Supplies,4175.68,6,325.57,0.05
O0165,2024-10-14,C072,Furniture,393.91,2,132.74,0.15
O0166,2024-08-04,C046,Office Supplies,4380.68,1,1455.87,0.1
O0167,2024-09-16,C077,Technology,1631,3,132.24,0.15
O0168,2024-10-11,C029,Furniture,4251.65,2,659.15,0.1
O0169,2024-10-14,C074,Office Supplies,1208.18,10,215.94,0.2
O0170,2024-12-21,C004,Furniture,3084.08,1,762.85,0.05
O0171,2024-06-22,C035,Furniture,3543.22,1,505.6,0.05
O0172,2024-03-13,C019,Office Supplies,2874.97,1,489.42,0
O0173,2024-08-20,C096,Furniture,2699.37,3,439.61,0.1
O0174,2024-10-17,C040,Office Supplies,3635.82,2,1029.12,0
O0175,2024-12-11,C020,Technology,871.31,5,205.06,0.15
O0176,2024-07-31,C085,Furniture,2177.67,4,505.49,0.2
O0177,2024-12-13,C015,Office Supplies,1791.35,10,149.16,0.15
O0178,2024-07-21,C068,Office Supplies,3368.95,1,214.35,0
O0179,2024-03-11,C027,Furniture,1576.95,5,178.78,0.1
O0180,2024-03-30,C016,Technology,137.88,7,37.79,0.2
O0181,2024-12-08,C091,Furniture,1227.54,2,267.13,0.15
O0182,2024-02-09,C095,Furniture,307.28,10,17.09,0.15
O0183,2024-05-28,C074,Technology,2081.67,7,503.85,0
O0184,2024-08-23,C042,Office Supplies,942.18,6,314.96,0
O0185,2024-10-28,C056,Furniture,4237.97,9,521.25,0
O0186,2024-04-23,C051,Furniture,4365.57,3,1195.04,0
O0187,2024-04-09,C066,Furniture,3202.8,6,669.97,0.05
O0188,2024-03-29,C031,Office Supplies,603.74,3,76.55,0
O0189,2024-08-25,C023,Office Supplies,4761.33,10,1135.03,0.15
O0190,2024-11-21,C088,Office Supplies,4628.36,6,1015.22,0.1
O0191,2024-11-19,C020,Furniture,2254.84,5,429.94,0.2
O0192,2024-08-24,C008,Furniture,1824.52,1,131.83,0
O0193,2024-02-16,C048,Office Supplies,4175.31,10,304.88,0.2
O0194,2024-01-22,C050,Furniture,2367.29,10,512.03,0.05
O0195,2024-02-01,C042,Furniture,3064.53,2,614.16,0.1
O0196,2024-01-21,C092,Technology,513.21,8,125.14,0.15
O0197,2024-07-09,C068,Furniture,2661.47,7,259.82,0.15
O0198,2024-11-19,C100,Office Supplies,1758,6,403.23,0
O0199,2024-05-25,C043,Furniture,563.08,10,142.75,0.05
O0200,2024-06-28,C043,Furniture,499.36,7,124.38,0.05
O0201,2024-10-13,C077,Furniture,3573.29,6,269.48,0.05
O0202,2024-12-16,C086,Office Supplies,3543.87,2,1184.12,0.15
O0203,2024-04-02,C066,Technology,1872.96,6,297.39,0.15
O0204,2024-02-09,C025,Furniture,1210.06,2,110.44,0.2
O0205,2024-09-26,C099,Technology,2744.88,6,745.49,0.2
O0206,2024-04-02,C017,Office Supplies,3026.51,10,291.38,0.05
O0207,2024-12-12,C093,Office Supplies,2244.6,4,388.89,0.15
O0208,2024-08-17,C079,Technology,1496.15,9,410.78,0.05
O0209,2024-04-09,C040,Furniture,4831.42,10,1378.46,0.15
O0210,2024-09-14,C060,Office Supplies,3870.25,7,1096.97,0.05
O0211,2024-05-08,C026,Technology,4026.17,8,368.47,0.1
O0212,2024-09-21,C071,Technology,4678.04,5,1232.29,0
O0213,2024-09-19,C098,Technology,885.53,7,163.64,0
O0214,2024-01-14,C029,Furniture,4101.85,1,1293.68,0.15
O0215,2024-02-11,C065,Furniture,1932.41,4,320.49,0
O0216,2024-11-28,C041,Furniture,4661.05,3,1406.49,0.05
O0217,2024-12-22,C005,Technology,1505.71,8,450.1,0.15
O0218,2024-05-11,C079,Technology,125.73,3,9.27,0.2
O0219,2024-05-27,C094,Technology,3083.51,5,545.71,0
O0220,2024-11-14,C007,Furniture,1268.35,2,306.54,0
O0221,2024-09-20,C064,Office Supplies,3024.02,4,166.11,0.05
O0222,2024-05-03,C038,Office Supplies,2203.27,7,516.54,0.05
O0223,2024-07-03,C086,Technology,3374.25,9,698.62,0.2
O0224,2024-01-11,C065,Furniture,3953.42,8,799.72,0
O0225,2024-01-09,C082,Furniture,1995.72,2,323.29,0.1
O0226,2024-10-24,C031,Office Supplies,3691.41,6,880.32,0.05
O0227,2024-11-25,C006,Technology,1826.27,8,276.8,0.15
O0228,2024-08-22,C081,Technology,993.16,5,89.84,0.05
O0229,2024-06-10,C006,Furniture,3976.44,9,1255.51,0.15
O0230,2024-11-27,C070,Technology,2419.66,5,147.57,0.1
O0231,2024-05-19,C100,Technology,334.24,6,82.46,0.15
O0232,2024-07-16,C052,Furniture,3742.21,3,1191.49,0.15
O0233,2024-09-22,C089,Furniture,2537.86,2,830.62,0.15
O0234,2024-04-02,C011,Office Supplies,2209.98,5,770.24,0.1
O0235,2024-06-05,C014,Furniture,492.34,10,122.24,0.15
O0236,2024-01-22,C022,Office Supplies,3479.85,6,540.99,0.2
O0237,2024-01-30,C056,Technology,1445.32,7,497.2,0.1
O0238,2024-01-16,C066,Technology,4025.37,10,1021.73,0.15
O0239,2024-11-26,C005,Furniture,718.53,6,86.8,0.15
O0240,2024-08-18,C073,Furniture,258.69,6,24.84,0.15
O0241,2024-07-06,C098,Furniture,476.74,6,43.53,0.1
O0242,2024-04-05,C032,Furniture,4806.55,9,277.69,0.15
O0243,2024-12-26,C072,Furniture,677.03,4,191.25,0.2
O0244,2024-04-12,C037,Technology,3500.51,3,1223.74,0
O0245,2024-02-14,C058,Office Supplies,946.02,6,249.76,0.1
O0246,2024-06-02,C091,Technology,418.2,3,88.93,0.1
O0247,2024-03-12,C066,Technology,1198.78,8,414.23,0
O0248,2024-10-09,C047,Technology,2814.71,10,452.25,0
O0249,2024-09-02,C009,Office Supplies,1615.52,7,565.24,0.15
O0250,2024-11-24,C074,Technology,461.38,8,157.66,0.15
O0251,2024-10-09,C088,Office Supplies,2635.06,10,233.2,0.05
O0252,2024-01-29,C099,Technology,4834.7,9,869.21,0.05
O0253,2024-12-29,C039,Technology,906.82,6,133.12,0.2
O0254,2024-11-21,C037,Office Supplies,4245.08,5,531.41,0.05
O0255,2024-09-14,C081,Office Supplies,1583.84,3,332.68,0.2
O0256,2024-11-05,C075,Furniture,855.55,10,211.85,0
O0257,2024-10-22,C004,Furniture,497.99,4,166.61,0.2
O0258,2024-11-17,C054,Office Supplies,3128.73,5,184.86,0.1
O0259,2024-07-26,C062,Furniture,1299.9,8,379.84,0
O0260,2024-09-04,C089,Furniture,393.57,4,71.58,0.1
O0261,2024-06-12,C078,Office Supplies,803.98,6,247.98,0.15
O0262,2024-02-24,C017,Furniture,3827.26,4,782.65,0.15
O0263,2024-02-19,C016,Technology,1410.61,5,175.45,0.15
O0264,2024-03-22,C079,Furniture,2148.86,10,728.05,0.1
O0265,2024-09-20,C025,Furniture,3839.29,8,765.86,0.1
O0266,2024-09-15,C064,Furniture,213.56,4,71.24,0.05
O0267,2024-09-10,C075,Office Supplies,1829.19,8,119.19,0.1
O0268,2024-03-09,C069,Furniture,140.07,6,11.52,0.15
O0269,2024-10-14,C047,Technology,321.69,6,21.02,0.2
O0270,2024-10-08,C037,Furniture,460.31,10,92.65,0.2
O0271,2024-07-10,C016,Furniture,730.45,9,57.71,0.1
O0272,2024-07-24,C097,Office Supplies,806.91,1,186.19,0
O0273,2024-08-30,C005,Office Supplies,771.48,8,115.65,0.05
O0274,2024-11-09,C078,Furniture,4476.35,3,411.53,0.15
O0275,2024-06-21,C079,Office Supplies,3722.66,9,520.32,0.2
O0276,2024-01-09,C063,Furniture,3572.83,6,499.97,0
O0277,2024-12-18,C054,Office Supplies,2960.14,1,855.56,0.2
O0278,2024-10-23,C061,Office Supplies,1401.1,4,345.62,0
O0279,2024-11-13,C075,Furniture,2454.2,3,508.68,0.05
O0280,2024-04-07,C005,Technology,2905.59,8,755.91,0.1
O0281,2024-07-29,C054,Office Supplies,842.01,10,216.52,0.15
O0282,2024-09-22,C095,Technology,3664.27,9,959.06,0.1
O0283,2024-03-29,C085,Furniture,2444.02,9,398.49,0.1
O0284,2024-12-14,C070,Office Supplies,1836.01,5,517.01,0.2
O0285,2024-10-12,C062,Furniture,1042.09,4,129.17,0.1
O0286,2024-12-26,C099,Furniture,1516.12,6,170.08,0.15
O0287,2024-05-20,C045,Furniture,2846.39,2,940.29,0.2
O0288,2024-07-21,C087,Furniture,2761.64,3,880.21,0.1
O0289,2024-06-26,C006,Furniture,1509.39,5,398.84,0.15
O0290,2024-10-14,C028,Office Supplies,1090.13,5,230.64,0.05
O0291,2024-05-04,C014,Technology,3116.82,9,704.55,0.05
O0292,2024-06-18,C082,Office Supplies,1240.9,8,99.35,0
O0293,2024-10-08,C088,Technology,3876.75,7,199.86,0.15
O0294,2024-05-27,C062,Furniture,3287.64,5,909.93,0
O0295,2024-09-30,C099,Office Supplies,538.36,1,119.65,0.05
O0296,2024-01-19,C054,Furniture,4423,8,454.4,0.05
O0297,2024-01-20,C096,Technology,4814.44,5,1578.23,0.2
O0298,2024-05-25,C078,Furniture,625.77,9,215.83,0.2
O0299,2024-09-15,C064,Furniture,4457.37,5,402.32,0.05
O0300,2024-11-27,C015,Furniture,1720.35,3,463.35,0
O0301,2024-12-11,C095,Technology,1751.85,3,242.64,0.2
O0302,2024-09-20,C082,Furniture,4495.51,2,1340.1,0.15
O0303,2024-09-01,C086,Furniture,567.39,4,195.47,0
O0304,2024-05-16,C034,Furniture,1979.51,5,364.27,0.2
O0305,2024-07-03,C093,Office Supplies,2907.1,4,373.46,0
O0306,2024-07-26,C086,Office Supplies,679.3,9,96.49,0.1
O0307,2024-05-31,C089,Furniture,675.34,10,219.38,0.05
O0308,2024-08-20,C029,Office Supplies,4791.07,10,926.85,0.1
O0309,2024-10-02,C054,Office Supplies,3539.51,4,1146.23,0.05
O0310,2024-02-11,C088,Office Supplies,3798.22,8,1184.82,0.2
O0311,2024-02-27,C091,Technology,1872.75,9,608.97,0.2
O0312,2024-06-16,C026,Office Supplies,2906.24,8,275.96,0
O0313,2024-02-16,C088,Office Supplies,1106.47,8,248.89,0
O0314,2024-10-15,C059,Technology,746.53,9,130.36,0.15
O0315,2024-07-21,C087,Furniture,4053.89,1,1082.32,0.05
O0316,2024-12-24,C075,Technology,457.84,9,81.09,0
O0317,2024-05-26,C009,Furniture,4932.07,3,945.09,0.05
O0318,2024-08-03,C099,Furniture,3243.47,7,871.8,0.15
O0319,2024-12-04,C049,Office Supplies,1940.66,3,494.52,0.1
O0320,2024-09-27,C016,Technology,974.52,4,205.8,0
O0321,2024-12-10,C097,Office Supplies,211.4,9,29.49,0.15
O0322,2024-08-23,C069,Furniture,1958.45,3,232.86,0.1
O0323,2024-02-27,C025,Technology,4693.31,7,1255.49,0.2
O0324,2024-05-03,C099,Technology,4687.57,2,1484.61,0
O0325,2024-12-26,C077,Technology,264.52,4,60.66,0
O0326,2024-01-29,C052,Technology,2250.92,9,477.03,0.1
O0327,2024-06-12,C030,Office Supplies,4097.35,10,1104.05,0.1
O0328,2024-12-04,C031,Office Supplies,1578.65,4,146.78,0.15
O0329,2024-10-29,C039,Office Supplies,1448.25,3,314.29,0.15
O0330,2024-11-25,C072,Office Supplies,2528.54,7,863.97,0.2
O0331,2024-06-02,C041,Furniture,3511.91,3,605.73,0.2
O0332,2024-12-28,C061,Technology,1280.74,8,150.62,0
O0333,2024-09-28,C072,Technology,2122.12,7,371.27,0.05
O0334,2024-08-18,C033,Furniture,1096.35,2,267.52,0.2
O0335,2024-07-12,C093,Office Supplies,4164.09,10,272.59,0.2
O0336,2024-10-27,C006,Office Supplies,4380.74,9,466.33,0.05
O0337,2024-06-04,C062,Technology,1123.56,4,361.91,0.05
O0338,2024-09-02,C095,Technology,674.85,10,236.11,0.05
O0339,2024-05-24,C051,Furniture,4584.12,8,988.45,0.2
O0340,2024-09-19,C084,Furniture,1860.37,8,239,0
O0341,2024-04-14,C093,Furniture,2400.5,6,724.76,0.15
O0342,2024-03-15,C006,Technology,2856.37,5,332.43,0.2
O0343,2024-03-19,C075,Technology,2937.8,6,514.92,0.05
O0344,2024-10-08,C049,Office Supplies,2891.97,6,357.79,0.1
O0345,2024-11-24,C098,Office Supplies,4125.8,8,1402.58,0.15
O0346,2024-03-12,C022,Office Supplies,3690.58,9,574.45,0.15
O0347,2024-11-24,C024,Technology,4592.81,9,976.62,0
O0348,2024-01-04,C010,Furniture,4731.42,3,1185.05,0.05
O0349,2024-09-15,C009,Furniture,3565.13,6,188.03,0
O0350,2024-09-04,C080,Office Supplies,3224.87,8,1064.76,0
O0351,2024-01-09,C001,Office Supplies,2707.84,5,469.54,0.2
O0352,2024-12-11,C037,Furniture,184,3,54.09,0
O0353,2024-11-13,C013,Office Supplies,2669.49,5,326.45,0.1
O0354,2024-07-26,C035,Furniture,3995.19,10,294.47,0.05
O0355,2024-02-11,C090,Office Supplies,1206.7,1,307.96,0
O0356,2024-01-29,C052,Office Supplies,1958.39,1,422.64,0.05
O0357,2024-06-18,C011,Office Supplies,2549.31,2,459.32,0.2
O0358,2024-12-20,C006,Office Supplies,1225.86,8,392.74,0.1
O0359,2024-05-23,C006,Office Supplies,4628.38,10,1181.76,0
O0360,2024-04-16,C023,Office Supplies,4650.96,3,671.34,0.15
O0361,2024-10-17,C010,Furniture,1566.46,9,343.35,0.1
O0362,2024-12-18,C050,Office Supplies,3802.49,2,349.77,0.2
O0363,2024-08-11,C096,Technology,4874.18,2,322.23,0.1
O0364,2024-07-22,C078,Furniture,3868.13,1,1301.46,0.1
O0365,2024-07-11,C058,Furniture,2503.96,3,392.48,0.2
O0366,2024-05-31,C085,Technology,1962.36,2,552.7,0
O0367,2024-11-20,C035,Technology,855.68,7,225.47,0.1
O0368,2024-06-06,C047,Furniture,622.1,6,32.07,0.1
O0369,2024-08-17,C014,Office Supplies,749.28,9,79.59,0.2
O0370,2024-10-10,C053,Technology,606.14,10,46.6,0.2
O0371,2024-07-30,C042,Furniture,4332.22,2,232.65,0.2
O0372,2024-07-13,C032,Technology,2902.61,3,292.8,0.1
O0373,2024-03-26,C039,Furniture,1415.19,5,132.72,0.15
O0374,2024-05-08,C039,Technology,2472.73,8,180.7,0.2
O0375,2024-06-04,C079,Technology,1058.19,7,86.87,0.1
O0376,2024-08-13,C080,Furniture,1961.46,7,605.42,0.2
O0377,2024-12-21,C018,Technology,1572.13,8,363.1,0.1
O0378,2024-05-29,C023,Office Supplies,4826.42,8,1643.96,0.2
O0379,2024-07-20,C032,Furniture,1696.84,2,227.53,0.2
O0380,2024-12-15,C026,Office Supplies,3001.91,1,641.47,0.15
O0381,2024-12-20,C091,Technology,1127.28,7,326.13,0.15
O0382,2024-12-03,C018,Technology,3203.35,7,392.75,0.15
O0383,2024-10-25,C010,Furniture,2300.43,9,527.67,0.2
O0384,2024-07-03,C089,Office Supplies,2149.67,9,131.19,0.2
O0385,2024-05-07,C082,Office Supplies,4580.57,6,379.32,0.05
O0386,2024-11-26,C083,Office Supplies,3102.12,7,679.26,0.1
O0387,2024-04-23,C056,Office Supplies,619.13,9,49.27,0.2
O0388,2024-07-10,C075,Furniture,3469.56,8,403.54,0.2
O0389,2024-01-13,C089,Furniture,2552.28,2,391.75,0.1
O0390,2024-03-13,C054,Furniture,4610.68,5,349.29,0.1
O0391,2024-06-27,C059,Furniture,3942.92,2,813.56,0.15
O0392,2024-06-02,C093,Technology,3514.14,2,511.91,0
O0393,2024-03-25,C044,Office Supplies,3275.05,4,829.05,0.2
O0394,2024-08-06,C023,Furniture,2804.36,4,418.68,0.15
O0395,2024-08-09,C081,Furniture,1003.81,1,243.07,0.2
O0396,2024-01-03,C026,Office Supplies,2302.92,4,411.91,0.05
O0397,2024-02-02,C036,Office Supplies,3786.39,2,1107.97,0.2
O0398,2024-02-28,C024,Furniture,1892.39,8,206.5,0.2
O0399,2024-07-19,C082,Office Supplies,1635.68,2,272.49,0.1
O0400,2024-12-10,C046,Office Supplies,4243.04,5,998,0.2
O0401,2024-03-01,C076,Technology,515.28,5,46.47,0
O0402,2024-07-17,C024,Furniture,1929.2,10,178.27,0.05
O0403,2024-11-21,C074,Office Supplies,1980.18,3,209.36,0.2
O0404,2024-06-10,C022,Furniture,2499.25,10,230.15,0
O0405,2024-04-09,C046,Furniture,4764.03,9,930.81,0.2
O0406,2024-07-31,C084,Office Supplies,2525.35,8,645,0.15
O0407,2024-04-22,C022,Furniture,505.09,1,29.93,0.1
O0408,2024-08-22,C029,Office Supplies,2734.28,8,274.69,0.2
O0409,2024-10-05,C066,Furniture,654.73,9,55.17,0
O0410,2024-08-05,C098,Technology,3623,4,774.98,0.1
O0411,2024-02-14,C005,Furniture,2303.69,2,356.09,0.05
O0412,2024-06-28,C027,Office Supplies,4072.44,10,921.91,0.15
O0413,2024-04-15,C022,Technology,3119.14,10,890.37,0.1
O0414,2024-06-14,C069,Office Supplies,1477.32,5,312.65,0.1
O0415,2024-12-13,C074,Technology,1409.98,3,433.43,0.15
O0416,2024-03-05,C008,Office Supplies,4963.18,3,1539.15,0.05
O0417,2024-12-12,C019,Furniture,3585.83,8,1070.53,0.05
O0418,2024-07-11,C074,Furniture,3198.77,2,762.41,0
O0419,2024-07-07,C052,Furniture,2626.51,8,350.55,0.1
O0420,2024-02-17,C075,Office Supplies,112.12,8,31.64,0.1
O0421,2024-08-07,C009,Technology,3998.82,8,677.06,0.1
O0422,2024-10-22,C042,Technology,4158.88,10,629.35,0.15
O0423,2024-01-24,C044,Technology,4481.36,8,1248.85,0
O0424,2024-08-21,C016,Technology,4654.22,7,453.3,0.05
O0425,2024-06-03,C089,Technology,4556.1,5,1433.55,0
O0426,2024-12-06,C084,Office Supplies,1866.13,3,139.45,0
O0427,2024-04-29,C051,Furniture,3165.46,2,847.7,0
O0428,2024-10-30,C001,Technology,1145.76,9,84.08,0.15
O0429,2024-03-02,C002,Furniture,139.51,3,21.36,0.15
O0430,2024-02-22,C010,Technology,1221.84,6,93.84,0.1
O0431,2024-03-09,C039,Office Supplies,771.93,3,217.71,0
O0432,2024-03-25,C068,Furniture,2860.13,6,666.68,0.05
O0433,2024-11-11,C081,Office Supplies,3766.52,8,1227.77,0.05
O0434,2024-03-04,C012,Office Supplies,4493.31,7,413.4,0.1
O0435,2024-05-21,C055,Office Supplies,1641.07,2,150.89,0.05
O0436,2024-05-25,C071,Office Supplies,3044.9,1,811.02,0.1
O0437,2024-07-19,C027,Furniture,2636.97,1,534.93,0.05
O0438,2024-11-22,C064,Office Supplies,1990.84,2,243.53,0.2
O0439,2024-03-08,C002,Furniture,4935.72,10,1629.66,0.15
O0440,2024-08-29,C047,Technology,2777.15,1,282.8,0.2
O0441,2024-01-31,C009,Furniture,167.59,9,19.23,0.1
O0442,2024-08-04,C081,Office Supplies,3591.88,7,1006.2,0
O0443,2024-05-22,C082,Technology,2729.17,5,640.85,0
O0444,2024-03-20,C066,Office Supplies,4612.53,6,1578.84,0.15
O0445,2024-12-14,C076,Office Supplies,3208.04,2,963.56,0.1
O0446,2024-05-02,C090,Technology,2243.68,4,753.94,0
O0447,2024-01-29,C056,Furniture,668.33,3,156.18,0
O0448,2024-03-24,C002,Furniture,3568.71,6,929.47,0.2
O0449,2024-03-26,C067,Furniture,3936.64,3,1048.05,0.1
O0450,2024-01-16,C094,Furniture,4443.43,7,1250.51,0.1
O0451,2024-10-22,C068,Office Supplies,412.97,2,108.9,0.15
O0452,2024-10-17,C059,Technology,2602.83,6,173.43,0.05
O0453,2024-12-11,C033,Office Supplies,3889.31,2,1237.89,0.05
O0454,2024-01-07,C095,Technology,2593.24,1,163.92,0.15
O0455,2024-01-19,C047,Office Supplies,1976.6,7,187.83,0.05
O0456,2024-06-12,C042,Furniture,1316.49,2,427.54,0.2
O0457,2024-01-27,C048,Technology,685.06,4,172.63,0.2
O0458,2024-08-26,C006,Furniture,4774.99,5,337.49,0.1
O0459,2024-04-12,C012,Furniture,2810.15,10,147.23,0.1
O0460,2024-10-29,C095,Furniture,3151.32,4,596.16,0.2
O0461,2024-07-28,C098,Technology,4000.27,4,380.71,0.2
O0462,2024-01-05,C045,Furniture,3216.12,1,829.88,0.15
O0463,2024-09-28,C095,Technology,3663.35,7,297.41,0.15
O0464,2024-05-23,C008,Technology,4865.54,1,451.09,0.05
O0465,2024-08-22,C067,Office Supplies,2123.98,2,676.86,0.2
O0466,2024-07-20,C013,Technology,2576.6,10,621.38,0.2
O0467,2024-05-01,C008,Furniture,2231.42,5,757.04,0.1
O0468,2024-06-11,C051,Furniture,3533.56,5,956.2,0.05
O0469,2024-10-26,C010,Technology,4723.42,3,429.05,0
O0470,2024-03-02,C022,Office Supplies,2302.88,6,332.1,0.05
O0471,2024-03-02,C058,Technology,1610.71,3,208.59,0.1
O0472,2024-06-16,C091,Technology,3514.7,2,218.26,0.05
O0473,2024-06-02,C046,Furniture,2041.6,3,132.06,0
O0474,2024-10-08,C052,Technology,4287.55,2,929.48,0.15
O0475,2024-01-07,C014,Technology,4039.09,4,371.35,0.05
O0476,2024-11-18,C026,Office Supplies,4136,2,668.68,0.2
O0477,2024-01-12,C076,Technology,1368.22,4,402.02,0.15
O0478,2024-06-18,C017,Technology,550.7,1,167.51,0.15
O0479,2024-07-21,C007,Furniture,923.15,1,205.09,0.15
O0480,2024-04-05,C088,Furniture,2190.65,5,342.14,0.15
O0481,2024-05-05,C020,Office Supplies,269.78,5,63.6,0.15
O0482,2024-02-14,C053,Furniture,4425.62,7,857.28,0.05
O0483,2024-09-26,C054,Technology,1077.34,9,339.79,0
O0484,2024-10-05,C049,Furniture,3931.39,6,620.11,0.2
O0485,2024-01-14,C065,Furniture,1675.86,10,219.76,0.05
O0486,2024-01-30,C004,Furniture,4489.25,9,1272.98,0.1
O0487,2024-03-22,C099,Technology,2961.55,4,354.88,0.05
O0488,2024-01-29,C035,Technology,2715.08,10,780.24,0.15
O0489,2024-03-29,C046,Technology,4682.51,4,1627,0.2
O0490,2024-10-29,C041,Technology,4050.43,6,1050.23,0.2
O0491,2024-09-09,C073,Office Supplies,796.3,5,266.37,0.05
O0492,2024-11-04,C063,Technology,286.02,1,19.12,0.2
O0493,2024-04-13,C062,Technology,103.35,6,33.63,0.05
O0494,2024-12-26,C042,Technology,391.82,2,36.95,0.2
O0495,2024-12-05,C047,Furniture,4806.74,10,779.06,0
O0496,2024-03-21,C044,Office Supplies,1578.65,7,143.56,0.15
O0497,2024-10-14,C084,Office Supplies,1654.69,10,433.79,0.1
O0498,2024-07-12,C029,Furniture,3361.11,5,989.3,0.05
O0499,2024-10-20,C023,Furniture,3671.27,10,1228.54,0
O0500,2024-11-09,C024,Technology,3051.7,10,995.8,0
O0501,2024-05-01,C064,Furniture,789.15,6,215.91,0.05
O0502,2024-12-28,C082,Office Supplies,4438.07,6,340.04,0.15
O0503,2024-02-04,C002,Furniture,1399.54,5,174.75,0
O0504,2024-08-02,C093,Technology,106.28,7,17.62,0.15
O0505,2024-09-02,C049,Office Supplies,1821.03,4,296.11,0.05
O0506,2024-05-30,C058,Technology,461.18,6,140.07,0.1
O0507,2024-07-11,C014,Technology,463.58,2,46.84,0.2
O0508,2024-09-04,C012,Office Supplies,1755.96,1,606.83,0.15
O0509,2024-03-21,C084,Technology,908.49,2,287.92,0.1
O0510,2024-10-10,C027,Office Supplies,4874.55,9,842.24,0.1
O0511,2024-01-26,C085,Furniture,1479.46,10,179.41,0.2
O0512,2024-08-06,C063,Technology,852.59,5,134.92,0.2
O0513,2024-03-28,C062,Office Supplies,1078.41,5,62.25,0
O0514,2024-07-22,C061,Furniture,4234.47,8,603.44,0.1
O0515,2024-07-08,C012,Furniture,3245.15,6,539.53,0.05
O0516,2024-05-14,C058,Technology,318.62,5,57.96,0.2
O0517,2024-02-19,C008,Technology,840.54,6,217.65,0.2
O0518,2024-10-10,C053,Technology,4856.46,7,1102.02,0.2
O0519,2024-08-31,C054,Office Supplies,4831.58,4,1237.47,0.15
O0520,2024-01-18,C039,Office Supplies,486.88,10,156.21,0.2
O0521,2024-03-02,C074,Furniture,3419.92,3,807.38,0.05
O0522,2024-08-04,C028,Technology,4061.46,7,356.82,0.05
O0523,2024-06-12,C081,Office Supplies,824.6,2,188.43,0
O0524,2024-05-21,C050,Office Supplies,2826.18,8,609.37,0
O0525,2024-08-02,C090,Technology,3152.98,7,651.94,0.05
O0526,2024-02-21,C019,Technology,2876.31,10,646.6,0
O0527,2024-07-29,C037,Furniture,4350.63,7,1366.28,0.15
O0528,2024-05-21,C074,Furniture,3083.91,3,188.86,0.2
O0529,2024-07-21,C078,Furniture,3435.98,4,585.89,0
O0530,2024-07-09,C096,Technology,2428.57,6,317.11,0.1
O0531,2024-12-22,C040,Office Supplies,1473.7,2,291.03,0.05
O0532,2024-06-13,C018,Furniture,1572.35,7,429.44,0.2
O0533,2024-07-27,C083,Office Supplies,537.51,8,98.1,0.2
O0534,2024-03-22,C048,Technology,4122.99,5,843.49,0.2
O0535,2024-10-18,C052,Technology,764.68,3,233.52,0.05
O0536,2024-08-21,C026,Technology,4201.19,6,524.51,0.05
O0537,2024-07-22,C036,Office Supplies,1904.92,2,360.54,0
O0538,2024-03-31,C031,Furniture,1925.09,10,439.33,0.2
O0539,2024-05-12,C045,Office Supplies,1786.82,2,538.36,0.1
O0540,2024-10-19,C004,Technology,1994.17,4,197.17,0.05
O0541,2024-09-19,C087,Technology,1112.98,1,273.21,0.15
O0542,2024-01-05,C017,Technology,3272.12,5,753.71,0.2
O0543,2024-05-20,C040,Furniture,3592.43,7,944.13,0.1
O0544,2024-12-12,C059,Office Supplies,1334.79,10,253.62,0.15
O0545,2024-12-05,C075,Furniture,601.33,9,122.34,0.2
O0546,2024-09-03,C078,Technology,1485.12,6,379.19,0.1
O0547,2024-12-01,C082,Office Supplies,1693.17,5,225.3,0.05
O0548,2024-01-30,C020,Office Supplies,2634.74,7,321.68,0.1
O0549,2024-09-11,C088,Furniture,785.65,5,45.28,0.15
O0550,2024-12-28,C052,Office Supplies,2002.55,4,121.35,0.1
O0551,2024-11-22,C093,Furniture,3595.51,6,920.07,0.2
O0552,2024-10-12,C039,Technology,4242.55,5,1282.06,0
O0553,2024-10-13,C061,Technology,726.93,6,92.75,0
O0554,2024-06-06,C029,Furniture,1840.89,6,503.05,0.1
O0555,2024-03-01,C034,Furniture,2969.3,1,561.58,0.2
O0556,2024-04-09,C075,Office Supplies,4727.07,2,337.35,0.15
O0557,2024-03-18,C068,Technology,1561.94,4,103.43,0.1
O0558,2024-08-22,C053,Technology,4937.24,6,1569.32,0.05
O0559,2024-03-31,C100,Furniture,495.98,1,74.29,0
O0560,2024-03-27,C058,Office Supplies,1440.29,3,400.92,0.15
O0561,2024-08-10,C098,Office Supplies,3920.79,7,348.25,0.15
O0562,2024-01-20,C055,Office Supplies,4830.11,4,796.94,0.1
O0563,2024-09-28,C002,Technology,4470.83,1,1238.66,0
O0564,2024-06-25,C081,Furniture,3694.66,3,435.53,0
O0565,2024-02-03,C050,Technology,2566.35,5,364,0.1
O0566,2024-06-21,C059,Furniture,3666.38,3,839.27,0.1
O0567,2024-07-25,C063,Technology,1860.33,4,198.18,0.05
O0568,2024-01-12,C094,Office Supplies,4925.91,9,558.39,0.05
O0569,2024-01-20,C016,Furniture,1896.3,5,464.9,0.2
O0570,2024-12-04,C080,Technology,338.08,1,117.79,0
O0571,2024-03-04,C089,Office Supplies,667.37,5,122.33,0.15
O0572,2024-11-18,C090,Technology,850.32,5,219.86,0.15
O0573,2024-11-14,C085,Office Supplies,594.8,3,122.58,0.15
O0574,2024-05-24,C014,Technology,2606.77,2,613.4,0.15
O0575,2024-09-24,C026,Technology,3084.11,6,874,0.15
O0576,2024-04-16,C038,Office Supplies,885.83,8,189.96,0.1
O0577,2024-02-26,C031,Office Supplies,113.42,8,28.52,0.05
O0578,2024-02-21,C012,Furniture,3919.68,4,284.23,0.15
O0579,2024-03-30,C038,Technology,1394.21,5,90.66,0.1
O0580,2024-02-18,C087,Technology,1632.26,1,443.26,0.05
O0581,2024-08-12,C085,Office Supplies,3271.27,5,486.1,0
O0582,2024-07-24,C048,Furniture,4093.33,8,429.23,0.1
O0583,2024-08-03,C050,Office Supplies,3480.52,3,673.39,0
O0584,2024-03-22,C017,Technology,3511.23,7,237.34,0.2
O0585,2024-04-02,C062,Office Supplies,4031.1,7,1021.96,0.1
O0586,2024-03-07,C079,Furniture,241.2,8,61.59,0
O0587,2024-12-01,C053,Furniture,2259.37,1,155.9,0.2
O0588,2024-04-24,C099,Office Supplies,3743.76,6,1000.08,0.2
O0589,2024-08-09,C067,Office Supplies,3472.38,4,817.65,0.15
O0590,2024-03-17,C045,Office Supplies,3352.18,10,812.64,0
O0591,2024-08-28,C002,Furniture,3252.65,3,315.76,0
O0592,2024-05-22,C097,Technology,2509.08,9,306.78,0.05
O0593,2024-04-30,C071,Technology,3252.25,8,556.08,0.15
O0594,2024-08-16,C074,Furniture,2295.68,2,704.72,0.15
O0595,2024-07-30,C096,Technology,3301.53,9,266.74,0.2
O0596,2024-11-12,C001,Office Supplies,4146.95,5,1192.39,0.2
O0597,2024-06-23,C072,Furniture,1113.57,1,280,0.05
O0598,2024-11-03,C059,Furniture,1726.67,6,483.86,0.15
O0599,2024-01-02,C015,Furniture,577.44,6,143.02,0.1
O0600,2024-01-24,C071,Technology,2657.73,8,692.68,0.05
O0601,2024-05-10,C092,Office Supplies,3738.3,4,645.84,0.05
O0602,2024-08-22,C016,Technology,4658.06,6,781.94,0
O0603,2024-12-10,C097,Office Supplies,2130.9,2,698.91,0.15
O0604,2024-03-09,C059,Furniture,3326.44,1,1120.53,0.2
O0605,2024-10-26,C095,Furniture,338,9,111.74,0.05
O0606,2024-03-06,C089,Technology,2934.92,7,789.93,0.2
O0607,2024-07-15,C078,Furniture,4425.21,10,890.5,0.05
O0608,2024-05-30,C036,Furniture,2049.56,3,313.29,0.05
O0609,2024-09-19,C053,Furniture,3052.37,9,964.34,0.1
O0610,2024-04-21,C092,Technology,3710.41,4,801.72,0.2
O0611,2024-12-10,C092,Technology,1523.84,3,234.04,0.2
O0612,2024-02-29,C070,Furniture,3502.13,9,513.81,0.15
O0613,2024-08-01,C075,Office Supplies,2896.13,9,724.46,0.1
O0614,2024-01-13,C055,Furniture,4060.69,3,839.83,0
O0615,2024-03-23,C086,Furniture,377.36,5,49.09,0.05
O0616,2024-10-04,C008,Technology,3483.91,6,482.67,0.15
O0617,2024-10-14,C014,Technology,3118.93,9,788.02,0.15
O0618,2024-12-22,C031,Furniture,2603.52,1,752.55,0.15
O0619,2024-12-16,C050,Furniture,2141.17,9,613.3,0
O0620,2024-08-14,C002,Technology,3743.98,6,415.31,0.2
O0621,2024-04-09,C070,Furniture,3718.41,8,405.09,0.05
O0622,2024-09-20,C088,Technology,464.9,7,157.48,0
O0623,2024-03-23,C055,Office Supplies,1467.65,5,189.73,0
O0624,2024-01-21,C043,Technology,2385.02,6,790.03,0.2
O0625,2024-12-04,C007,Furniture,3890.94,8,924.53,0.2
O0626,2024-06-11,C071,Office Supplies,1854.62,4,528.96,0.05
O0627,2024-07-31,C067,Office Supplies,434.06,9,87.48,0.15
O0628,2024-12-05,C012,Furniture,1812.07,6,570.84,0.1
O0629,2024-09-28,C038,Furniture,1170.38,9,322.79,0
O0630,2024-11-24,C015,Office Supplies,3377.8,10,620.5,0.05
O0631,2024-02-28,C006,Furniture,3444.5,5,503.87,0.2
O0632,2024-07-10,C093,Office Supplies,1485.86,9,480.53,0.15
O0633,2024-04-08,C063,Furniture,314.87,9,100.6,0
O0634,2024-10-02,C013,Office Supplies,920.23,1,310.01,0
O0635,2024-12-16,C027,Furniture,3384.64,2,954.72,0.05
O0636,2024-08-10,C069,Office Supplies,4160.87,2,1304.81,0.05
O0637,2024-02-14,C004,Technology,2350.2,1,351.39,0.05
O0638,2024-04-26,C033,Furniture,2834.61,7,630.67,0.15
O0639,2024-01-09,C058,Furniture,3188.06,2,573.56,0.2
O0640,2024-10-26,C001,Technology,3242.97,2,763.74,0.1
O0641,2024-06-03,C065,Office Supplies,620.06,2,177.38,0.1
O0642,2024-12-04,C098,Technology,4640.79,8,763.06,0.05
O0643,2024-10-06,C069,Furniture,1177.34,3,322.62,0.1
O0644,2024-11-27,C087,Furniture,4446.19,1,1509.97,0.2
O0645,2024-10-20,C072,Office Supplies,792.73,7,49.57,0.2
O0646,2024-06-25,C071,Technology,4740.2,7,670.3,0.2
O0647,2024-05-09,C019,Technology,888.68,2,103.3,0.05
O0648,2024-10-08,C086,Furniture,4018.33,9,1228.3,0
O0649,2024-04-11,C038,Office Supplies,3391.26,10,424.61,0.15
O0650,2024-04-30,C043,Technology,1849.98,5,465.06,0.2
O0651,2024-08-18,C009,Furniture,4510.58,10,655.55,0.1
O0652,2024-07-05,C089,Furniture,2962.43,7,650.74,0.05
O0653,2024-12-30,C001,Office Supplies,1634.75,7,467.04,0.1
O0654,2024-09-02,C047,Furniture,758.1,8,204.61,0.1
O0655,2024-03-30,C100,Office Supplies,1596.81,10,344.12,0
O0656,2024-10-02,C036,Technology,4307.7,5,396.31,0
O0657,2024-09-16,C094,Office Supplies,469.46,1,26.1,0.2
O0658,2024-01-19,C075,Office Supplies,2085.16,5,473.35,0.2
O0659,2024-07-06,C070,Furniture,2413.31,4,681.9,0.2
O0660,2024-09-13,C094,Office Supplies,4300.1,2,387.72,0.15
O0661,2024-11-10,C047,Office Supplies,2560.62,3,637.09,0.2
O0662,2024-10-16,C018,Office Supplies,2286.48,3,237.21,0.15
O0663,2024-04-28,C046,Technology,298.06,5,82.99,0.1
O0664,2024-07-03,C030,Furniture,309.76,8,34.7,0.15
O0665,2024-02-22,C006,Office Supplies,295.53,9,72.27,0.1
O0666,2024-03-30,C095,Furniture,1390.25,7,296.55,0.1
O0667,2024-09-21,C076,Furniture,3301.35,7,992.52,0.05
O0668,2024-06-25,C067,Furniture,2088.63,8,616.5,0.2
O0669,2024-03-25,C001,Technology,2559,2,234.64,0.2
O0670,2024-03-21,C083,Furniture,1475.97,10,140.32,0
O0671,2024-02-28,C085,Furniture,1228.7,8,360.44,0.15
O0672,2024-07-29,C027,Technology,2994.88,4,731.28,0
O0673,2024-11-18,C017,Office Supplies,2910.08,1,286.17,0.2
O0674,2024-04-02,C019,Office Supplies,373.97,7,47.67,0.2
O0675,2024-12-04,C073,Furniture,3224.35,2,1011,0.05
O0676,2024-09-03,C058,Technology,3071.98,4,588.05,0.15
O0677,2024-04-03,C077,Office Supplies,799.29,9,179.68,0.1
O0678,2024-08-20,C022,Office Supplies,3648.52,10,557.5,0
O0679,2024-01-09,C030,Technology,1953.24,9,175.14,0.2
O0680,2024-02-19,C088,Technology,2157,8,204.63,0.2
O0681,2024-09-14,C077,Technology,291.28,2,83.06,0.15
O0682,2024-01-01,C085,Office Supplies,738.61,7,170.65,0.2
O0683,2024-09-28,C054,Furniture,1914.85,4,120.7,0.15
O0684,2024-12-22,C099,Office Supplies,1968.06,2,446.19,0.15
O0685,2024-02-12,C018,Furniture,1347.14,10,376.87,0.2
O0686,2024-01-04,C053,Office Supplies,1363.24,9,70.4,0
O0687,2024-12-18,C067,Furniture,135.25,7,33.32,0.1
O0688,2024-05-09,C014,Furniture,858.42,9,210.72,0.15
O0689,2024-12-14,C073,Furniture,1891.66,4,250.96,0.15
O0690,2024-07-08,C071,Office Supplies,3940.56,9,767.39,0.15
O0691,2024-12-27,C033,Furniture,4943.69,3,1103.9,0
O0692,2024-03-23,C096,Technology,1225.88,4,349.29,0.2
O0693,2024-11-10,C052,Office Supplies,3951.8,1,1147.03,0.05
O0694,2024-02-16,C050,Technology,4826.39,8,248.98,0.2
O0695,2024-07-08,C056,Technology,531.89,10,68.58,0
O0696,2024-11-10,C093,Office Supplies,1983.2,9,684.87,0.1
O0697,2024-03-30,C092,Office Supplies,4821.3,8,324.18,0.15
O0698,2024-09-22,C002,Furniture,1088.37,4,268.9,0
O0699,2024-11-10,C077,Technology,2601.68,1,675.23,0.1
O0700,2024-02-14,C031,Furniture,3309.59,7,1134.18,0.1
O0701,2024-09-22,C086,Technology,2036.2,2,459.82,0
O0702,2024-10-25,C071,Furniture,1494.02,6,446.61,0.1
O0703,2024-07-25,C029,Office Supplies,3071.18,1,332.79,0.1
O0704,2024-02-07,C023,Office Supplies,2094.96,5,171.66,0.1
O0705,2024-10-02,C015,Office Supplies,4034.42,5,1359.65,0.15
O0706,2024-06-22,C049,Furniture,2859.53,8,803.5,0.2
O0707,2024-07-14,C004,Office Supplies,2461.65,4,313.48,0.05
O0708,2024-10-01,C041,Technology,2120.89,5,330.71,0.05
O0709,2024-06-24,C037,Technology,555.75,9,140.11,0.05
O0710,2024-10-20,C061,Furniture,1637.98,3,189.3,0.05
O0711,2024-05-03,C064,Furniture,3711.85,4,447.12,0.05
O0712,2024-07-01,C026,Technology,4191.21,2,1261.14,0
O0713,2024-11-10,C011,Technology,3411.48,9,849.55,0
O0714,2024-10-21,C062,Furniture,1918.86,8,277.52,0.05
O0715,2024-04-23,C098,Office Supplies,4588.43,3,615.22,0
O0716,2024-10-03,C068,Technology,4016.42,9,777.16,0.1
O0717,2024-08-22,C051,Technology,4315.96,9,1220.43,0.15
O0718,2024-04-17,C041,Furniture,3477.13,10,186.19,0
O0719,2024-04-05,C042,Office Supplies,1871.85,5,577.56,0.05
O0720,2024-07-06,C035,Technology,2409.59,8,563.66,0.15
O0721,2024-07-05,C027,Furniture,2153.56,5,593.65,0.15
O0722,2024-12-17,C024,Technology,2899.91,2,996.94,0.1
O0723,2024-04-10,C031,Technology,2821.17,3,865.8,0.15
O0724,2024-11-18,C002,Office Supplies,965.38,9,192.96,0.1
O0725,2024-10-17,C063,Technology,1570.17,7,343.3,0
O0726,2024-05-10,C089,Furniture,900.38,2,103.22,0.15
O0727,2024-10-13,C096,Office Supplies,1739.82,5,275.39,0.1
O0728,2024-12-13,C003,Office Supplies,2117.63,4,328.93,0.2
O0729,2024-05-25,C074,Furniture,3284.34,6,694.74,0.2
O0730,2024-02-10,C063,Furniture,3896.25,10,717.22,0.1
O0731,2024-03-26,C060,Office Supplies,3195.39,6,298.62,0.15
O0732,2024-02-06,C081,Technology,3100.32,3,531.49,0.1
O0733,2024-12-29,C030,Furniture,1636.06,10,402.31,0.15
O0734,2024-07-04,C035,Office Supplies,4449.69,10,1265.01,0.2
O0735,2024-01-12,C058,Technology,2128.55,4,223.85,0.1
O0736,2024-03-26,C096,Furniture,3533.41,2,261.54,0
O0737,2024-01-28,C009,Technology,4690.29,7,900.33,0.2
O0738,2024-11-12,C098,Technology,4980.47,2,404.31,0.15
O0739,2024-08-14,C040,Office Supplies,1223.84,3,332,0.05
O0740,2024-12-05,C068,Furniture,4208.74,6,246.51,0.15
O0741,2024-05-19,C060,Office Supplies,4877.41,8,1034.87,0.05
O0742,2024-08-21,C090,Office Supplies,2742.51,10,623.23,0.15
O0743,2024-06-26,C068,Furniture,3234.95,9,679.78,0.05
O0744,2024-05-13,C012,Technology,2265.12,5,361.82,0
O0745,2024-03-10,C001,Furniture,2664.25,5,739.3,0.15
O0746,2024-09-01,C069,Furniture,140.75,1,45.97,0.15
O0747,2024-10-07,C038,Furniture,3025.32,4,874.41,0.15
O0748,2024-11-26,C072,Furniture,2241.82,7,280.16,0.05
O0749,2024-09-21,C034,Office Supplies,488.13,5,115.98,0.1
O0750,2024-07-30,C084,Technology,3740.34,2,1094.58,0.05
O0751,2024-11-12,C018,Furniture,1519.02,5,366.19,0.2
O0752,2024-01-26,C063,Office Supplies,1020.17,1,56.94,0.05
O0753,2024-08-12,C014,Office Supplies,1482.36,1,129.72,0.05
O0754,2024-06-24,C012,Furniture,838.35,5,166.06,0.15
O0755,2024-06-18,C048,Technology,2372.05,3,681.79,0
O0756,2024-08-28,C035,Technology,3900.7,4,278.57,0.1
O0757,2024-05-07,C049,Furniture,4158.44,8,360.07,0.05
O0758,2024-02-18,C095,Office Supplies,4973.22,4,545.83,0.15
O0759,2024-06-14,C050,Technology,3439.07,1,493.96,0.2
O0760,2024-06-01,C067,Technology,698.49,6,135.76,0
O0761,2024-11-20,C086,Furniture,1167.16,6,97.9,0
O0762,2024-07-21,C022,Technology,3992.51,1,899.95,0
O0763,2024-11-01,C075,Technology,3939.03,6,758.58,0
O0764,2024-11-12,C032,Furniture,872.72,1,67.57,0
O0765,2024-02-24,C046,Technology,3258.42,8,848.49,0.05
O0766,2024-06-26,C041,Furniture,4910.21,4,1407.11,0
O0767,2024-05-08,C089,Technology,1951.07,8,521.56,0.15
O0768,2024-04-07,C072,Office Supplies,1544.1,3,400.09,0.2
O0769,2024-11-02,C045,Office Supplies,1686.04,3,321.22,0
O0770,2024-05-14,C068,Office Supplies,859.62,6,119.23,0.15
O0771,2024-04-04,C001,Technology,3902,10,787.37,0.1
O0772,2024-02-02,C100,Office Supplies,3138.97,9,458.94,0.15
O0773,2024-10-09,C025,Technology,2667.94,10,531.63,0.1
O0774,2024-02-19,C042,Office Supplies,2108.04,2,309.05,0
O0775,2024-02-24,C017,Furniture,975.33,4,57.92,0
O0776,2024-12-02,C005,Furniture,2897.96,9,871.97,0.2
O0777,2024-04-23,C090,Office Supplies,2992.47,2,193.69,0
O0778,2024-02-10,C027,Furniture,3313.17,1,1088.45,0.1
O0779,2024-07-07,C072,Office Supplies,3743.04,1,1187.03,0.2
O0780,2024-06-04,C035,Technology,2692.2,4,727.68,0.2
O0781,2024-07-16,C013,Technology,596,4,71.11,0.2
O0782,2024-04-01,C085,Office Supplies,1318.94,9,313.38,0.15
O0783,2024-07-02,C096,Office Supplies,617.02,8,149.06,0.15
O0784,2024-07-24,C014,Office Supplies,917.37,6,95.52,0.05
O0785,2024-06-29,C069,Furniture,4992.32,9,913.11,0.1
O0786,2024-06-14,C048,Office Supplies,2120.48,4,508.86,0.2
O0787,2024-05-10,C070,Furniture,1148.25,8,321.18,0.15
O0788,2024-05-25,C051,Office Supplies,100.96,1,6.1,0.2
O0789,2024-06-02,C018,Technology,4967.72,4,698.23,0.1
O0790,2024-05-21,C003,Office Supplies,3880.46,9,1292.21,0.2
O0791,2024-01-20,C074,Furniture,4637.02,6,447.08,0.05
O0792,2024-05-07,C018,Technology,1398.44,5,443.15,0.1
O0793,2024-04-21,C012,Office Supplies,2895.39,2,639.07,0.1
O0794,2024-12-19,C062,Office Supplies,947.22,10,282,0
O0795,2024-10-22,C077,Furniture,3247.05,2,198.76,0
O0796,2024-08-10,C099,Furniture,1738.51,2,545.78,0.05
O0797,2024-01-06,C096,Office Supplies,3298.62,7,760.96,0
O0798,2024-10-16,C040,Technology,2669.48,6,389.2,0.2
O0799,2024-07-20,C090,Furniture,1181.91,10,77.01,0.2
O0800,2024-07-20,C065,Technology,541.41,3,97.23,0.1
O0801,2024-10-07,C011,Furniture,2431.69,5,665.3,0
O0802,2024-03-07,C052,Technology,2558.93,8,722,0.2
O0803,2024-04-10,C026,Office Supplies,2490.52,10,611.86,0.2
O0804,2024-08-08,C032,Furniture,1287.34,10,167.2,0
O0805,2024-06-27,C015,Technology,3391.56,6,600.52,0.1
O0806,2024-03-27,C077,Furniture,3311.51,10,930.22,0.15
O0807,2024-04-29,C080,Technology,814.51,6,51.69,0.05
O0808,2024-01-28,C097,Technology,3669.59,10,277.95,0.05
O0809,2024-02-26,C037,Furniture,167.29,8,43.18,0.15
O0810,2024-04-18,C003,Technology,1726.2,9,469.53,0.2
O0811,2024-03-13,C097,Office Supplies,1367.42,1,266.52,0.15
O0812,2024-05-10,C075,Technology,4539.6,1,944.42,0.1
O0813,2024-01-28,C026,Furniture,3967.02,1,933.79,0
O0814,2024-12-03,C050,Furniture,3335.83,2,830.27,0
O0815,2024-04-28,C038,Furniture,4350.31,9,1065.06,0
O0816,2024-02-15,C041,Technology,2474.84,4,567.06,0.2
O0817,2024-01-21,C059,Technology,2847.37,9,750.97,0.1
O0818,2024-01-10,C043,Furniture,2500.67,6,683.48,0.1
O0819,2024-09-13,C081,Furniture,1581.4,1,551.59,0.1
O0820,2024-01-16,C050,Office Supplies,4462.97,5,1314.16,0.05
O0821,2024-03-11,C020,Technology,1774.75,7,297.9,0.2
O0822,2024-04-26,C087,Furniture,3101,4,736.98,0.2
O0823,2024-11-05,C020,Furniture,2189.68,8,314.69,0.2
O0824,2024-10-04,C017,Office Supplies,1113.11,4,101.93,0.05
O0825,2024-03-10,C040,Furniture,3473.81,3,1110.21,0.2
O0826,2024-03-01,C021,Technology,1655.73,6,359.63,0.05
O0827,2024-07-30,C094,Furniture,244.47,5,35.6,0.15
O0828,2024-05-20,C096,Technology,4675.47,4,1487.92,0
O0829,2024-11-09,C017,Office Supplies,1005.26,5,280.2,0.2
O0830,2024-04-28,C073,Office Supplies,3100.57,1,709.75,0.1
O0831,2024-09-14,C011,Office Supplies,3471.89,8,670.01,0.1
O0832,2024-03-11,C024,Technology,4275.43,4,844.11,0.05
O0833,2024-05-18,C005,Furniture,2102.09,4,716.07,0.05
O0834,2024-08-12,C097,Office Supplies,1102.35,8,113.68,0.1
O0835,2024-01-22,C059,Office Supplies,4449.18,7,793.14,0.1
O0836,2024-10-31,C051,Office Supplies,3096.37,9,844.51,0
O0837,2024-01-22,C067,Technology,635.65,9,118.91,0.2
O0838,2024-07-17,C051,Office Supplies,4920.77,1,303.98,0.05
O0839,2024-05-26,C038,Furniture,2253.81,3,710.67,0.15
O0840,2024-09-21,C038,Technology,3104.36,8,206.02,0.15
O0841,2024-10-26,C012,Office Supplies,3640.97,9,305.66,0.05
O0842,2024-04-01,C051,Furniture,2126.44,10,393.96,0.05
O0843,2024-11-28,C059,Office Supplies,541.88,3,79.78,0
O0844,2024-07-04,C012,Technology,659.41,9,121.87,0.15
O0845,2024-03-22,C094,Furniture,3976.23,9,809.16,0.15
O0846,2024-10-16,C006,Office Supplies,3864.48,3,1250.84,0.05
O0847,2024-08-02,C019,Furniture,976.45,5,257.41,0.15
O0848,2024-03-08,C037,Technology,3169.62,1,270.26,0.2
O0849,2024-09-12,C098,Office Supplies,1340.24,1,251.42,0.2
O0850,2024-08-31,C064,Furniture,1265.6,7,286.86,0.15
O0851,2024-10-07,C011,Furniture,3045.96,10,158.3,0.2
O0852,2024-11-30,C027,Furniture,339.7,1,32.09,0.05
O0853,2024-06-01,C005,Furniture,3368.28,2,1015.21,0
O0854,2024-12-10,C014,Furniture,2143.09,10,221.76,0.2
O0855,2024-08-21,C074,Office Supplies,3957.81,10,408.55,0.1
O0856,2024-07-07,C005,Furniture,556.32,2,77.77,0.15
O0857,2024-03-03,C071,Office Supplies,418.14,5,79.97,0.1
O0858,2024-04-17,C068,Office Supplies,2127.41,1,240.3,0
O0859,2024-02-14,C074,Furniture,3675.67,10,877.36,0.1
O0860,2024-09-26,C055,Office Supplies,3083.34,10,446.92,0.1
O0861,2024-11-19,C017,Furniture,3110.02,8,618.64,0.05
O0862,2024-04-09,C079,Technology,1240.34,2,170.11,0
O0863,2024-04-16,C060,Office Supplies,3164.76,7,270.2,0.15
O0864,2024-11-22,C006,Technology,1735.58,1,378.57,0.05
O0865,2024-06-06,C089,Furniture,1479.97,9,424.84,0.2
O0866,2024-06-19,C042,Furniture,3858.46,7,324.69,0.2
O0867,2024-04-09,C079,Furniture,4804.55,6,1439.5,0.15
O0868,2024-09-03,C061,Technology,4006.55,8,976.38,0.2
O0869,2024-01-29,C043,Office Supplies,2366.1,5,696.22,0.2
O0870,2024-01-10,C093,Technology,3423.17,10,741.3,0.1
O0871,2024-01-16,C046,Furniture,424.44,7,40.23,0.2
O0872,2024-10-31,C022,Technology,2897.81,5,483.56,0.1
O0873,2024-09-11,C091,Technology,254.98,6,44.41,0.15
O0874,2024-02-27,C039,Furniture,1159.09,1,163.08,0.05
O0875,2024-09-04,C012,Office Supplies,2274.49,3,130.74,0.05
O0876,2024-09-25,C044,Furniture,4625.82,6,1247.73,0.05
O0877,2024-09-21,C099,Office Supplies,4371.82,3,1296.86,0.05
O0878,2024-09-24,C093,Technology,279.11,1,46.41,0.1
O0879,2024-02-14,C006,Furniture,3466.56,8,791.37,0
O0880,2024-06-08,C014,Technology,2650.83,10,656.6,0.1
O0881,2024-04-08,C082,Furniture,4471.46,5,654.01,0.2
O0882,2024-05-19,C041,Technology,3886.66,3,976.86,0.1
O0883,2024-09-20,C015,Technology,174.76,4,41.4,0.2
O0884,2024-12-26,C045,Furniture,2791.89,10,366.62,0.05
O0885,2024-06-22,C022,Office Supplies,449.09,8,105.08,0
O0886,2024-01-26,C017,Technology,242.06,7,77.7,0
O0887,2024-11-01,C012,Office Supplies,2189.68,8,227.06,0.2
O0888,2024-12-09,C046,Office Supplies,1630.96,2,481.51,0.15
O0889,2024-12-23,C073,Furniture,745.8,2,219.16,0.15
O0890,2024-08-26,C040,Furniture,3453.94,4,908.61,0.05
O0891,2024-07-05,C019,Furniture,4319.37,3,1015.41,0.1
O0892,2024-08-31,C042,Technology,2321.09,6,137.13,0.15
O0893,2024-06-27,C060,Office Supplies,4244.25,10,571.6,0.05
O0894,2024-02-24,C066,Furniture,604.37,9,178.45,0
O0895,2024-07-30,C039,Technology,2710.45,10,461.44,0.05
O0896,2024-02-03,C071,Furniture,879.2,4,171.19,0.2
O0897,2024-06-24,C056,Office Supplies,3943.14,4,712.16,0.05
O0898,2024-12-30,C085,Office Supplies,3381.07,8,919.01,0
O0899,2024-02-19,C076,Furniture,3020.77,3,445.91,0.1
O0900,2024-11-01,C052,Furniture,441.08,6,36.44,0.15
O0901,2024-03-12,C083,Office Supplies,3334.81,1,257.31,0.05
O0902,2024-07-18,C085,Office Supplies,831.16,10,174.03,0.15
O0903,2024-06-02,C026,Office Supplies,1107.74,5,346.97,0.15
O0904,2024-02-15,C092,Office Supplies,4914.64,1,753.31,0.2
O0905,2024-05-30,C066,Technology,2080.57,6,183.65,0.2
O0906,2024-07-02,C007,Technology,104.13,5,22.7,0
O0907,2024-11-16,C031,Furniture,2215.41,7,503.01,0.15
O0908,2024-03-29,C049,Furniture,2232.43,3,253.08,0.05
O0909,2024-08-01,C072,Technology,1984.52,5,649.62,0.05
O0910,2024-03-14,C018,Office Supplies,156.85,8,38.35,0.15
O0911,2024-07-31,C018,Furniture,514.85,10,124.94,0.15
O0912,2024-10-09,C080,Furniture,981.01,7,198.97,0.1
O0913,2024-10-22,C029,Furniture,1010.38,4,233.77,0.2
O0914,2024-07-06,C035,Technology,2113.11,1,451.89,0.2
O0915,2024-09-03,C062,Office Supplies,3553.92,2,298.35,0.05
O0916,2024-05-23,C094,Furniture,3683.34,9,1271.02,0
O0917,2024-08-29,C067,Office Supplies,4460.59,2,341.39,0.2
O0918,2024-06-24,C075,Office Supplies,1631.25,1,107.39,0.15
O0919,2024-06-18,C059,Furniture,2612.05,6,498.3,0.1
O0920,2024-11-01,C038,Office Supplies,920.79,5,238.04,0.2
O0921,2024-03-27,C034,Office Supplies,400.95,1,76.96,0.1
O0922,2024-02-12,C095,Technology,3159.15,9,429.79,0
O0923,2024-05-20,C036,Furniture,1335.05,1,313.39,0
O0924,2024-03-18,C078,Office Supplies,955.61,8,217.43,0.1
O0925,2024-09-05,C023,Technology,1380.14,9,359.16,0
O0926,2024-10-31,C044,Technology,4921.95,8,1674.47,0.15
O0927,2024-11-22,C099,Technology,1977.52,4,490.82,0.2
O0928,2024-05-15,C094,Technology,4224.98,1,280.11,0.05
O0929,2024-09-29,C060,Technology,2053.85,7,288.38,0.15
O0930,2024-08-10,C061,Technology,1386.86,5,290.04,0.15
O0931,2024-12-15,C049,Technology,3424.62,2,1159.33,0.2
O0932,2024-11-08,C082,Office Supplies,1833.76,5,556.13,0.1
O0933,2024-12-01,C035,Office Supplies,1408.73,7,111.97,0.15
O0934,2024-12-10,C099,Office Supplies,3408.93,4,417.73,0.2
O0935,2024-06-09,C044,Office Supplies,3420.82,1,1190.32,0
O0936,2024-02-23,C009,Office Supplies,158.61,8,12.58,0.1
O0937,2024-01-18,C029,Technology,3653.73,10,458.79,0
O0938,2024-04-21,C008,Office Supplies,4698.68,2,1160.49,0
O0939,2024-12-02,C012,Office Supplies,4296.56,10,382.27,0.05
O0940,2024-08-27,C015,Office Supplies,3508.7,2,442.1,0.15
O0941,2024-12-07,C036,Furniture,3869.86,5,997.13,0.05
O0942,2024-07-14,C100,Furniture,462.59,6,130.97,0
O0943,2024-08-13,C034,Technology,4782.47,8,618.85,0.05
O0944,2024-02-25,C079,Technology,2023.91,9,493.12,0.15
O0945,2024-08-14,C028,Office Supplies,3108.43,5,254.5,0
O0946,2024-05-08,C005,Furniture,457.31,1,101.25,0.15
O0947,2024-01-20,C020,Office Supplies,3299.04,7,165.81,0.1
O0948,2024-10-21,C020,Technology,3530.27,9,1134.58,0.15
O0949,2024-02-05,C062,Office Supplies,2236.68,4,678.19,0
O0950,2024-09-03,C050,Technology,4775.36,10,1410.61,0.2
O0951,2024-01-29,C046,Office Supplies,1733.85,2,244.21,0.1
O0952,2024-08-23,C069,Furniture,4281.38,4,650.85,0.05
O0953,2024-04-07,C071,Furniture,292.72,7,48.37,0
O0954,2024-11-19,C081,Furniture,3475.33,4,680.99,0.05
O0955,2024-10-30,C005,Technology,1046.15,8,278.19,0.15
O0956,2024-09-12,C009,Office Supplies,3984.42,8,968.3,0
O0957,2024-01-22,C005,Furniture,1762.5,2,266.69,0.05
O0958,2024-12-13,C084,Office Supplies,3369.85,3,631.88,0.2
O0959,2024-03-13,C030,Furniture,4631.6,1,282.82,0.15
O0960,2024-03-07,C080,Technology,324.43,3,84.48,0
O0961,2024-11-08,C040,Technology,4121.62,10,326.38,0
O0962,2024-11-11,C014,Technology,659.48,2,150.69,0.05
O0963,2024-12-13,C055,Furniture,1752.98,6,527.24,0
O0964,2024-04-19,C088,Technology,2922.24,10,266.5,0.05
O0965,2024-07-31,C043,Technology,409.79,6,54.16,0.2
O0966,2024-01-21,C022,Technology,2249.44,2,737.15,0.2
O0967,2024-09-06,C049,Technology,3910.54,1,213.86,0
O0968,2024-10-30,C023,Furniture,4638.07,7,1215.28,0.15
O0969,2024-05-18,C089,Office Supplies,721.77,8,67.07,0.15
O0970,2024-01-20,C031,Office Supplies,4696.64,3,1095.08,0.15
O0971,2024-06-03,C079,Furniture,4756.46,7,1132.79,0
O0972,2024-09-28,C072,Technology,1254.63,10,106.96,0.1
O0973,2024-08-25,C098,Office Supplies,4935.23,4,998.21,0.1
O0974,2024-12-16,C007,Furniture,1049.22,8,303.21,0.05
O0975,2024-11-26,C021,Furniture,3383.7,5,212.95,0.05
O0976,2024-08-20,C056,Technology,1331.77,2,313.03,0
O0977,2024-09-05,C069,Office Supplies,961.85,2,274.75,0
O0978,2024-06-15,C031,Furniture,3634.88,4,828.07,0.1
O0979,2024-02-20,C030,Technology,3916.98,7,579.09,0.05
O0980,2024-10-26,C049,Furniture,4467.69,1,321.94,0.15
O0981,2024-04-01,C019,Furniture,1159.21,6,269.9,0.05
O0982,2024-05-18,C059,Technology,3627.12,6,869.08,0.05
O0983,2024-03-10,C005,Technology,3491.83,8,237.08,0.15
O0984,2024-05-31,C054,Office Supplies,938.89,3,143.72,0.2
O0985,2024-04-27,C022,Technology,2932.8,7,632.98,0.2
O0986,2024-08-30,C063,Furniture,4324.78,5,497.06,0
O0987,2024-05-06,C094,Furniture,2197.74,7,685.21,0.2
O0988,2024-03-17,C029,Office Supplies,4469.93,1,1017.05,0.15
O0989,2024-09-15,C006,Technology,296.29,7,56.65,0.2
O0990,2024-02-20,C051,Furniture,2448.42,8,708.59,0.05
O0991,2024-07-27,C011,Technology,2836.59,3,152.4,0.1
O0992,2024-01-09,C038,Furniture,1271.41,5,444.59,0.05
O0993,2024-10-25,C091,Technology,2350.49,8,519.73,0.15
O0994,2024-04-04,C099,Furniture,779.26,8,203.34,0
O0995,2024-06-19,C081,Office Supplies,446.42,1,141.98,0.1
O0996,2024-11-09,C055,Office Supplies,3789.15,10,982.97,0.05
O0997,2024-01-29,C088,Office Supplies,496.7,6,156.09,0
O0998,2024-01-21,C015,Furniture,1976.48,6,374.75,0.05
O0999,2024-12-29,C083,Technology,2838.07,3,198.95,0.1
O1000,2024-10-24,C031,Office Supplies,2744.21,4,671.54,0.05
